File,Mean,Std,Max,Min
med_3.txt,0.99946,4.8989794855712555e-05,0.9995,0.9994
big_1.txt,0.997875,4.330127018921716e-05,0.9979,0.9978
med_1.txt,0.9978,0.0,0.9978,0.9978
med_2.txt,0.9994,0.0,0.9994,0.9994
med_raw_LSTM.txt,0.99908,0.0001469693845669745,0.9992,0.9989
big_3.txt,0.9987600000000001,7.999999999999118e-05,0.9989,0.9987
big_2.txt,0.999525,4.330127018921716e-05,0.9996,0.9995
