File,Mean,Std,Max,Min
med_3.txt,0.9984399999999999,0.00021540659228541005,0.9987,0.9982
big_1.txt,0.997175,0.00025860201081972145,0.9975,0.9968
med_1.txt,0.9972,0.00019999999999997797,0.9974,0.997
med_2.txt,0.9918799999999999,0.008018079570570519,0.9981,0.9773
med_raw_LSTM.txt,0.9988400000000001,4.898979485565817e-05,0.9989,0.9988
big_3.txt,0.9936800000000001,0.0012967652061957715,0.9953,0.9917
big_2.txt,0.9982249999999999,0.00044370598373246454,0.9989,0.9977
