File,Mean,Std,Max,Min
med_3.txt,-0.85336,0.005909517746821653,-0.8474,-0.8606
big_1.txt,-0.40685,0.03620314212882633,-0.3532,-0.4418
med_1.txt,-0.40685,0.04685,-0.36,-0.4537
med_2.txt,-0.8466199999999999,0.015859558631941797,-0.8185,-0.8622
med_raw_LSTM.txt,-0.79676,0.03702683351300783,-0.7373,-0.8287
big_3.txt,-0.8825000000000001,0.006101803012225138,-0.8707,-0.8883
big_2.txt,-0.8771,0.008773824707617563,-0.8641,-0.8887
