File,Mean,Std,Max,Min
med_3.txt,0.9359999999999999,0.03199999999999997,0.96,0.88
big_1.txt,0.97,0.007071067811865481,0.98,0.96
med_1.txt,0.955,0.0050000000000000044,0.96,0.95
med_2.txt,0.968,0.024819347291981694,0.99,0.92
med_raw_LSTM.txt,0.986,0.00489897948556636,0.99,0.98
big_3.txt,0.15,0.0433589667773576,0.23,0.11
big_2.txt,0.9874999999999999,0.004330127018922197,0.99,0.98
