File,Mean,Std,Max,Min
med_3.txt,0.8178600000000001,0.010904421121728557,0.8295,0.7972
big_1.txt,0.441475,0.017021512124367803,0.4659,0.4255
med_1.txt,0.46004999999999996,0.026350000000000012,0.4864,0.4337
med_2.txt,0.82218,0.00583177502995443,0.8315,0.8155
med_raw_LSTM.txt,0.7284599999999999,0.030784320684400353,0.7553,0.6847
big_3.txt,0.85124,0.006660510490945871,0.8641,0.846
big_2.txt,0.844175,0.008581193098864525,0.8589,0.8379
