File,Mean,Std,Max,Min
med_3.txt,0.89474,0.011625076343835354,0.9039,0.8722
big_1.txt,0.38849999999999996,0.012853598717868868,0.4006,0.3681
med_1.txt,0.3839,0.011800000000000005,0.3957,0.3721
med_2.txt,0.84346,0.01663112744223914,0.8614,0.8153
med_raw_LSTM.txt,0.7162200000000001,0.054965749335381585,0.7798,0.6476
big_3.txt,0.9016599999999999,0.01556799280575375,0.9193,0.8793
big_2.txt,0.88265,0.010969389226388114,0.8962,0.8706
