File,Mean,Std,Max,Min
med_3.txt,0.75362,0.021815169034412746,0.7739,0.7129
big_1.txt,0.5120499999999999,0.030016703683116163,0.5568,0.4729
med_1.txt,0.5755,0.05559999999999998,0.6311,0.5199
med_2.txt,0.80274,0.021695584804286776,0.8257,0.776
med_raw_LSTM.txt,0.7433799999999999,0.01526334170488231,0.756,0.7196
big_3.txt,0.8063600000000001,0.00848235816268096,0.8151,0.7933
big_2.txt,0.809025,0.009996343081347286,0.8245,0.7969
